Time_since_study,Revisions,Study_duration,Difficulty,CGPA,Retention
6,8,3.6,Hard,2.56,68.54
19,5,7.2,Medium,2.85,38.39
28,10,2.2,Medium,2.08,23.21
14,10,2.1,Easy,2.26,58.31
10,0,0.7,Hard,3.53,6.59
7,0,5.4,Medium,2.0,34.4
28,1,3.3,Easy,2.83,8.21
20,8,7.0,Easy,3.05,43.53
6,2,4.0,Medium,2.11,59.76
25,0,7.8,Medium,3.95,0.42
18,4,1.9,Easy,2.45,24.95
22,6,7.0,Hard,2.61,19.07
10,5,6.3,Hard,2.61,48.74
10,0,6.3,Hard,2.46,23.29
23,4,6.8,Easy,2.0,28.8
20,4,6.2,Medium,3.46,25.5
3,5,5.2,Easy,3.93,95.74
7,2,1.5,Medium,2.45,32.76
23,4,0.7,Hard,3.33,13.46
2,6,7.4,Hard,3.48,86.27
21,4,5.1,Medium,3.7,25.61
20,4,6.5,Medium,2.85,25.08
1,4,4.1,Easy,2.61,100.0
23,9,1.4,Hard,2.65,29.67
11,9,1.4,Easy,3.43,64.36
29,2,5.6,Easy,3.63,9.22
5,0,3.7,Easy,2.36,42.21
1,4,2.0,Hard,2.74,82.47
27,8,4.2,Easy,3.8,24.43
20,0,1.0,Easy,3.61,11.94
0,2,4.9,Easy,3.97,100.0
11,3,2.5,Easy,3.51,38.49
25,0,6.5,Easy,2.79,14.29
21,0,2.8,Easy,3.18,4.66
28,7,3.9,Hard,3.32,15.39
11,1,0.6,Easy,2.16,11.24
24,7,1.0,Medium,3.09,17.54
16,6,3.4,Easy,3.42,43.98
26,9,4.1,Easy,2.33,30.17
26,9,5.0,Hard,3.56,27.81
30,1,2.7,Hard,3.17,0.0
9,5,5.7,Medium,3.9,60.77
27,5,7.0,Medium,2.08,17.9
27,2,6.3,Hard,2.53,1.96
15,10,0.8,Hard,3.2,43.79
14,1,4.1,Easy,2.59,19.74
29,0,1.3,Hard,3.43,0.0
29,5,2.3,Medium,3.52,13.69
14,4,7.9,Easy,2.21,40.91
29,10,1.6,Medium,3.03,29.88
18,8,4.2,Easy,3.02,45.44
11,0,5.1,Hard,2.74,14.78
22,6,5.8,Medium,3.87,34.54
19,4,4.7,Easy,3.66,31.44
24,4,0.6,Easy,3.39,8.2
2,1,2.9,Hard,3.43,74.41
4,10,4.4,Hard,2.92,76.11
18,2,1.2,Hard,3.84,11.63
6,6,3.1,Medium,3.39,69.0
20,5,0.7,Easy,3.46,27.92
8,1,1.1,Hard,3.72,19.8
6,5,3.5,Medium,2.55,64.46
17,1,1.5,Medium,3.61,12.77
3,1,4.8,Medium,2.39,67.28
24,1,5.7,Hard,2.69,0.3
27,10,6.5,Hard,2.67,32.09
13,2,2.0,Easy,3.96,30.07
17,1,1.8,Easy,3.71,10.85
25,3,1.3,Hard,3.4,0.0
8,8,5.3,Medium,3.45,67.82
25,5,5.8,Medium,3.12,24.96
20,0,0.7,Medium,3.89,0.77
1,7,7.5,Easy,2.99,99.33
19,6,0.9,Medium,2.76,21.94
27,9,4.6,Easy,2.33,23.27
14,2,5.8,Easy,3.57,32.41
27,0,7.0,Medium,3.47,9.32
6,4,5.9,Medium,2.77,56.22
11,3,6.5,Hard,2.05,37.67
28,9,3.0,Hard,3.68,20.1
7,7,6.6,Medium,2.02,69.6
14,0,1.1,Easy,3.41,11.01
2,9,7.2,Easy,3.94,99.22
13,0,4.6,Easy,2.88,17.62
16,3,6.6,Easy,2.47,29.64
3,7,3.9,Easy,3.41,85.06
17,4,5.3,Hard,3.63,35.66
7,1,4.4,Medium,3.09,40.11
3,5,6.0,Hard,3.93,89.43
1,4,1.1,Easy,2.1,88.01
29,1,1.0,Easy,3.01,6.62
5,10,2.4,Easy,3.44,80.93
21,10,1.7,Easy,3.73,46.59
9,10,7.0,Medium,2.36,66.88
3,2,2.1,Easy,3.6,74.15
21,8,7.8,Medium,3.11,43.42
28,6,3.0,Easy,2.79,18.12
30,6,1.9,Medium,2.26,4.45
17,10,6.4,Hard,3.73,53.29
25,5,5.4,Easy,2.31,17.73
11,7,4.2,Medium,2.62,55.65
1,3,4.7,Hard,2.58,90.23
9,7,5.9,Easy,3.74,69.1
29,3,2.2,Easy,3.35,15.45
3,7,8.0,Easy,3.59,95.38
13,8,7.8,Medium,2.5,52.4
30,2,5.4,Medium,3.25,13.01
15,2,2.0,Hard,3.14,7.33
14,10,5.6,Medium,3.67,58.04
7,1,1.0,Medium,3.81,29.96
13,9,0.7,Easy,2.02,52.74
22,2,2.4,Easy,3.35,17.02
27,2,4.0,Easy,2.1,10.82
24,4,7.0,Easy,3.1,27.01
29,4,6.0,Easy,2.58,15.4
7,1,6.1,Easy,2.61,44.09
20,9,3.7,Easy,2.71,36.96
15,5,3.1,Hard,3.24,38.5
12,4,3.3,Hard,2.67,25.75
17,5,7.9,Hard,3.47,34.04
14,0,0.8,Hard,2.81,1.74
20,4,7.0,Easy,2.14,29.41
23,8,4.8,Hard,3.57,34.89
25,9,3.8,Easy,2.57,35.78
24,1,5.9,Hard,2.87,9.63
27,0,4.2,Medium,3.37,4.19
27,9,7.1,Hard,2.66,30.32
27,10,7.3,Hard,2.11,25.3
12,8,3.7,Easy,2.75,59.8
8,9,2.6,Hard,3.89,65.68
28,8,4.9,Medium,3.28,25.28
14,8,7.3,Easy,3.34,63.1
12,5,2.1,Easy,3.26,49.01
0,7,5.2,Hard,2.4,100.0
24,10,5.2,Easy,2.84,47.34
6,0,6.0,Easy,3.5,56.91
8,9,1.5,Easy,2.2,60.37
23,3,5.9,Easy,2.56,26.73
0,0,7.3,Easy,2.55,100.0
11,7,1.8,Easy,2.86,51.51
7,0,2.3,Medium,3.96,30.22
23,2,7.8,Hard,2.14,5.39
30,3,1.9,Medium,3.04,7.07
10,7,6.9,Easy,2.36,57.96
18,5,4.2,Easy,3.94,34.72
16,9,2.4,Hard,2.23,41.3
7,6,7.0,Medium,2.81,72.9
2,7,3.8,Hard,3.48,88.77
2,1,4.4,Medium,3.41,79.18
0,9,3.2,Easy,2.85,94.94
26,10,4.9,Hard,2.69,28.07
4,7,1.7,Hard,2.8,75.59
9,2,3.4,Easy,2.53,38.45
6,6,7.8,Hard,2.41,67.44
25,2,2.4,Medium,2.97,4.13
8,6,5.4,Medium,2.54,60.63
27,10,2.9,Medium,2.57,28.68
6,1,6.3,Medium,3.31,54.94
8,9,1.5,Easy,3.94,79.98
7,5,7.8,Hard,3.21,55.96
11,2,3.9,Medium,2.15,26.32
1,2,2.3,Easy,2.15,85.71
0,8,1.1,Hard,3.9,100.0
15,6,1.8,Hard,2.59,30.68
22,4,4.4,Easy,2.18,26.78
22,9,3.0,Easy,3.2,47.43
29,6,6.7,Medium,3.25,19.44
23,8,3.7,Hard,3.3,28.39
4,0,2.4,Hard,2.53,39.22
2,6,5.1,Easy,2.03,86.14
11,5,5.8,Hard,3.93,53.37
7,9,1.8,Medium,2.5,67.3
21,8,1.8,Hard,3.35,24.5
26,0,0.8,Easy,3.41,4.59
2,3,6.0,Easy,3.22,86.77
0,8,5.5,Medium,2.63,100.0
2,3,4.1,Medium,2.54,89.82
4,9,6.8,Hard,3.2,82.49
14,2,6.5,Hard,3.73,30.07
13,8,4.9,Easy,3.89,61.65
2,1,7.0,Medium,2.21,84.33
0,3,2.0,Medium,2.31,100.0
4,5,1.3,Medium,3.89,75.79
25,1,2.5,Hard,3.47,1.31
22,7,0.9,Medium,3.77,30.16
30,7,4.5,Easy,2.41,17.22
13,0,7.5,Easy,3.18,34.23
6,2,0.8,Hard,3.4,46.83
26,9,1.4,Hard,3.36,28.43
8,8,3.9,Medium,2.82,61.21
14,4,7.5,Hard,2.03,26.25
14,5,2.9,Easy,3.17,44.08
25,3,4.3,Medium,2.51,6.77
9,9,0.8,Easy,2.9,66.97
27,1,1.6,Medium,3.92,10.88
12,10,7.9,Hard,2.8,56.45
18,7,7.7,Medium,3.68,44.43
30,10,0.5,Medium,2.38,21.65
6,5,7.6,Easy,3.34,71.75
16,4,5.3,Easy,3.95,37.32
19,8,7.0,Medium,2.2,39.99
28,0,3.9,Hard,2.02,0.0
3,4,4.4,Hard,2.87,77.97
29,5,4.2,Easy,2.19,26.34
4,4,5.5,Hard,3.5,74.18
22,5,1.5,Easy,3.83,21.68
6,5,0.7,Hard,2.87,61.88
12,6,2.8,Medium,2.52,37.93
14,3,5.8,Easy,2.87,31.91
10,10,2.0,Easy,3.45,66.51
28,7,5.6,Medium,2.02,19.01
3,6,7.8,Easy,3.18,88.2
12,8,1.2,Hard,3.23,47.36
6,6,5.5,Hard,3.28,69.68
26,2,3.8,Easy,2.48,12.75
18,2,7.0,Hard,3.43,21.19
21,7,1.8,Easy,2.18,26.26
27,4,5.7,Medium,2.4,17.39
1,3,6.8,Easy,3.75,96.75
9,7,7.6,Medium,3.48,61.02
12,5,5.6,Hard,2.03,44.68
29,1,4.2,Medium,2.5,5.44
24,3,5.1,Hard,2.43,4.92
20,10,7.0,Easy,2.54,46.9
5,3,4.8,Hard,2.5,56.52
27,5,0.7,Easy,2.13,12.42
27,5,7.5,Easy,2.92,32.66
11,0,5.7,Medium,3.47,28.85
11,7,5.6,Medium,3.21,62.13
19,5,2.1,Medium,3.35,28.46
29,2,5.4,Medium,2.16,3.65
29,8,3.5,Hard,3.9,26.66
10,1,5.4,Hard,3.68,35.42
25,10,1.3,Hard,3.61,34.8
22,7,5.4,Easy,3.65,37.1
27,9,8.0,Hard,3.87,26.7
24,2,0.9,Hard,3.09,3.88
6,4,7.8,Hard,2.4,64.36
29,5,3.6,Medium,3.23,13.3
0,9,7.0,Hard,3.49,97.0
0,5,6.4,Easy,3.48,100.0
24,3,4.8,Medium,3.04,11.38
26,2,6.0,Easy,2.14,7.43
29,3,7.1,Hard,2.74,8.06
24,0,3.5,Medium,3.84,9.74
19,3,3.0,Easy,3.17,30.37
12,0,5.5,Hard,3.08,19.45
8,0,6.6,Easy,2.54,36.16
2,9,6.2,Easy,2.74,100.0
6,5,6.5,Easy,3.79,77.34
5,4,3.8,Hard,3.33,61.98
7,10,6.6,Hard,3.57,70.08
26,3,1.4,Easy,2.91,12.91
8,10,4.6,Medium,3.26,73.59
29,2,0.5,Medium,2.5,0.71
4,0,2.9,Hard,3.41,50.09
0,5,3.2,Hard,2.86,92.23
18,1,3.5,Hard,2.89,10.3
9,7,5.7,Hard,3.3,58.51
11,9,3.4,Hard,3.87,67.66
23,4,3.9,Medium,2.13,16.09
14,6,2.3,Hard,3.65,34.52
26,9,3.3,Easy,2.58,23.41
21,1,2.2,Easy,2.89,10.66
23,7,1.0,Medium,2.04,17.8
8,1,5.0,Easy,2.6,42.3
19,3,5.5,Medium,3.01,25.54
16,0,5.1,Medium,2.11,11.41
29,4,4.0,Easy,2.98,19.82
16,8,3.3,Hard,3.85,38.54
25,0,7.0,Easy,2.21,12.49
19,8,4.4,Easy,3.53,43.1
11,10,4.1,Medium,2.82,52.89
29,7,0.7,Easy,3.31,15.84
6,5,3.1,Medium,2.52,64.27
1,6,3.4,Hard,2.32,83.33
2,2,3.5,Hard,2.32,73.55
16,0,4.9,Hard,2.14,4.27
4,4,4.5,Easy,2.37,75.23
16,1,5.1,Medium,3.33,16.05
23,4,6.2,Hard,3.76,15.68
16,7,6.6,Medium,3.63,48.45
26,10,5.9,Medium,3.37,28.65
16,8,7.7,Hard,2.22,40.27
1,1,0.6,Hard,2.58,72.76
1,2,2.0,Medium,2.62,85.77
27,2,0.6,Hard,2.5,0.0
21,0,5.4,Medium,3.03,10.01
22,7,7.2,Medium,3.07,41.74
4,5,2.3,Hard,2.71,64.56
0,7,7.5,Easy,2.71,100.0
0,10,1.0,Hard,3.66,95.52
18,8,7.5,Easy,3.58,52.73
29,4,3.1,Medium,2.62,10.12
1,2,1.3,Medium,3.83,100.0
20,4,4.1,Easy,3.91,27.52
11,4,2.4,Medium,2.65,30.69
25,4,2.6,Easy,2.71,21.13
5,2,2.8,Easy,3.01,56.94
22,10,6.5,Medium,3.88,44.38
3,9,4.5,Easy,3.75,89.86
22,3,2.8,Hard,2.21,3.46
10,8,5.1,Hard,2.79,53.83
23,9,5.9,Medium,3.11,40.48
26,8,2.5,Medium,3.01,25.29
16,1,3.6,Easy,2.39,11.21
30,7,1.4,Easy,3.72,26.3
5,7,1.9,Easy,3.35,80.26
23,6,5.6,Easy,3.68,27.09
4,7,1.9,Hard,3.72,81.01
19,2,4.4,Hard,3.5,13.86
1,5,5.8,Medium,2.88,99.17
5,0,1.3,Easy,3.22,33.77
21,6,4.8,Easy,2.32,27.73
10,0,2.4,Medium,3.35,13.65
30,8,7.7,Easy,2.36,32.05
15,0,4.1,Easy,3.39,11.97
15,0,6.5,Easy,2.46,16.95
0,6,4.6,Easy,2.24,100.0
8,1,0.8,Easy,2.33,18.56
27,4,5.2,Medium,2.0,7.85
26,7,7.6,Easy,3.44,36.07
5,7,5.0,Medium,3.46,83.66
15,2,6.6,Easy,3.03,33.87
28,6,7.1,Hard,2.32,16.41
2,2,2.2,Hard,2.17,67.64
19,5,2.1,Hard,2.04,20.32
27,5,5.1,Hard,2.33,13.16
26,2,3.6,Medium,3.78,6.53
3,6,6.8,Medium,2.48,86.89
18,2,7.3,Easy,2.71,28.89
25,7,3.2,Hard,2.21,13.75
2,9,2.3,Medium,2.44,87.95
30,3,6.4,Easy,3.04,13.0
18,0,2.6,Easy,3.22,18.32
19,3,6.7,Medium,2.49,25.18
6,6,3.7,Hard,2.12,62.45
19,10,5.5,Easy,2.78,51.37
8,3,1.2,Hard,2.47,40.62
0,5,5.2,Hard,2.44,93.43
7,8,3.9,Hard,3.92,67.68
6,0,4.9,Easy,3.23,51.03
17,4,1.8,Hard,3.11,17.83
7,10,6.0,Easy,2.83,74.74
0,6,7.0,Hard,2.86,90.38
10,0,2.1,Easy,3.08,22.12
27,3,1.2,Hard,3.39,3.11
24,5,0.7,Medium,3.4,12.84
24,1,5.3,Hard,2.34,0.0
17,9,5.1,Hard,3.0,46.45
22,4,4.6,Easy,2.82,22.08
30,10,2.2,Easy,3.74,26.55
29,9,3.4,Hard,3.26,23.81
9,0,5.0,Medium,3.07,33.48
2,5,4.2,Medium,2.23,89.03
6,5,7.9,Easy,3.21,74.52
27,3,1.5,Medium,2.23,7.46
15,7,5.7,Hard,2.67,42.31
25,3,3.5,Easy,2.29,16.43
15,7,3.7,Hard,3.38,43.33
24,7,5.9,Easy,2.41,25.52
19,4,5.7,Easy,2.78,37.32
27,3,7.9,Easy,3.79,23.44
16,1,1.5,Easy,2.41,10.46
1,10,1.3,Medium,3.02,90.08
0,2,5.9,Hard,2.84,97.38
15,2,4.8,Hard,2.04,20.21
29,3,2.6,Hard,3.59,11.97
11,3,1.1,Easy,2.14,35.39
4,9,1.1,Medium,2.95,83.24
4,10,7.2,Hard,3.12,76.13
26,10,1.9,Medium,3.26,31.62
22,4,2.9,Easy,3.38,19.63
8,3,2.2,Hard,2.51,39.5
8,10,3.2,Medium,2.02,61.56
2,9,1.0,Easy,3.45,95.04
18,7,4.4,Medium,3.07,36.26
15,5,1.0,Hard,3.67,25.98
15,5,6.5,Hard,3.64,37.79
2,7,2.3,Easy,3.69,95.01
19,6,4.6,Easy,2.97,37.91
23,9,7.1,Easy,2.67,31.6
21,10,5.4,Medium,3.58,35.44
23,9,4.5,Medium,2.9,33.64
0,7,2.9,Medium,2.37,96.69
23,1,3.0,Easy,3.71,11.59
19,8,5.5,Hard,3.77,37.13
10,0,8.0,Hard,2.93,31.48
16,7,5.5,Medium,2.15,41.26
7,10,4.7,Medium,2.78,70.91
3,3,6.0,Hard,3.61,82.09
5,3,4.0,Hard,3.8,64.47
7,4,1.0,Medium,2.41,51.4
19,7,4.7,Medium,2.13,33.36
29,4,7.7,Hard,3.75,24.32
2,7,1.8,Easy,2.78,94.02
15,9,5.7,Medium,3.08,50.71
29,0,2.0,Hard,3.94,3.22
24,9,4.5,Hard,2.13,19.8
2,8,1.2,Hard,3.3,86.94
24,5,3.9,Hard,2.15,13.57
28,2,6.2,Easy,2.75,12.47
17,7,3.1,Hard,3.61,34.99
13,8,5.5,Medium,2.87,49.73
17,5,6.5,Easy,3.99,41.59
1,10,7.5,Hard,3.12,93.18
21,6,2.3,Easy,2.64,23.03
2,0,3.5,Medium,2.44,75.91
15,4,1.6,Hard,2.7,10.08
28,4,7.9,Medium,2.75,16.0
8,9,7.5,Hard,2.14,65.35
3,3,4.5,Hard,2.74,74.64
0,5,6.8,Hard,2.93,92.06
3,6,4.4,Hard,3.45,86.08
0,8,5.2,Hard,3.31,91.66
13,0,1.2,Easy,3.42,6.94
20,5,6.2,Hard,2.02,24.85
15,6,1.5,Hard,2.44,33.28
19,2,6.7,Easy,3.32,20.27
23,7,6.4,Easy,2.97,46.74
7,4,5.8,Easy,2.01,58.54
6,8,0.8,Easy,3.61,71.82
2,4,2.8,Easy,3.55,92.99
16,8,2.5,Easy,3.1,45.54
0,9,3.2,Hard,2.13,90.54
15,3,1.2,Hard,3.53,19.49
11,8,7.5,Medium,3.17,56.56
26,4,4.7,Hard,3.56,6.51
18,9,2.8,Hard,3.5,37.5
21,8,3.5,Easy,3.61,44.95
22,2,3.9,Easy,3.04,12.12
21,3,5.0,Hard,2.28,17.62
13,8,4.4,Medium,3.34,58.94
29,9,7.4,Easy,3.24,36.9
5,10,4.2,Hard,3.48,80.19
5,5,7.9,Hard,2.34,70.47
12,1,6.9,Medium,2.39,30.04
18,6,2.1,Medium,3.78,31.64
21,1,7.5,Easy,3.5,19.82
7,10,1.4,Medium,3.82,70.88
26,1,6.6,Hard,3.52,0.0
26,10,3.4,Hard,3.19,33.33
1,0,7.1,Medium,3.31,91.29
20,10,7.0,Medium,3.78,49.48
29,10,6.5,Medium,3.16,34.41
0,10,6.4,Medium,3.26,97.73
27,2,2.8,Easy,2.31,1.7
14,5,1.1,Medium,2.95,30.92
0,7,3.5,Easy,3.43,100.0
4,8,1.8,Hard,2.54,69.67
27,6,5.7,Medium,2.4,9.46
28,3,3.1,Easy,2.63,7.66
15,5,7.8,Medium,2.48,46.18
18,4,5.3,Hard,2.43,15.08
3,7,6.7,Hard,2.85,77.13
2,0,1.5,Hard,3.82,62.04
16,0,7.0,Medium,3.01,26.74
16,10,7.4,Medium,2.38,46.57
11,5,4.2,Easy,2.15,43.11
27,9,5.0,Hard,3.39,29.15
29,1,6.2,Medium,2.77,9.22
28,4,1.8,Hard,3.64,4.38
13,0,4.3,Hard,3.32,4.51
20,6,3.5,Easy,3.59,37.06
5,0,1.6,Easy,2.54,35.27
2,3,3.3,Easy,3.38,95.77
27,8,1.0,Easy,2.53,25.99
8,0,0.7,Hard,3.88,12.72
4,3,1.5,Easy,3.27,69.03
23,5,7.7,Easy,2.65,40.29
28,5,4.6,Easy,2.54,16.74
16,7,7.7,Easy,2.38,46.51
13,0,3.7,Hard,3.39,16.37
20,6,2.8,Easy,2.44,23.48
30,0,4.3,Hard,3.19,0.0
2,6,3.8,Medium,2.53,87.12
27,2,1.3,Hard,3.32,0.0
0,10,5.3,Hard,3.63,97.61
19,7,2.1,Easy,3.56,42.18
30,2,5.1,Medium,3.52,4.44
28,0,5.4,Medium,2.38,0.15
20,7,1.6,Medium,2.18,24.44
22,2,1.0,Medium,3.4,2.63
0,1,6.4,Hard,2.74,94.71
2,0,3.9,Medium,2.86,75.28
17,2,0.9,Hard,2.06,9.71
24,1,8.0,Hard,2.52,8.64
9,1,0.9,Hard,2.07,0.79
30,5,5.7,Medium,3.76,18.79
21,0,7.9,Easy,2.49,13.45
25,1,2.3,Easy,3.11,10.38
2,5,1.6,Medium,2.08,82.59
7,2,1.4,Easy,3.33,49.59
13,3,2.8,Easy,2.65,32.82
23,0,1.3,Hard,3.8,5.74
17,7,5.7,Hard,3.78,39.64
14,6,1.0,Medium,2.65,35.97
21,6,4.3,Medium,3.8,35.22
22,2,8.0,Easy,3.99,24.42
1,9,6.6,Hard,3.65,91.35
30,9,5.1,Medium,3.69,26.85
26,2,2.8,Medium,2.5,0.01
9,1,5.2,Medium,3.15,39.59
1,0,4.5,Medium,2.13,75.34
25,6,3.7,Medium,2.19,12.14
16,6,1.5,Medium,4.0,44.44
7,1,7.1,Easy,2.65,51.55
0,6,3.9,Hard,3.5,98.8
8,7,2.0,Hard,3.61,54.19
10,0,3.3,Medium,3.72,20.48
21,8,3.6,Hard,4.0,31.48
15,6,6.7,Hard,2.48,32.86
6,2,6.0,Hard,2.08,56.82
28,7,6.3,Medium,2.82,29.11
9,6,0.6,Medium,2.26,48.35
22,10,3.6,Hard,2.04,34.72
25,7,4.1,Hard,2.72,28.14
2,5,0.6,Medium,3.57,89.88
17,8,2.4,Easy,3.13,46.59
24,4,6.2,Hard,2.63,15.57
23,2,1.5,Easy,3.31,12.63
12,2,4.5,Hard,2.46,23.02
27,0,2.1,Easy,2.03,0.0
25,7,0.6,Easy,3.53,27.59
6,1,2.3,Easy,3.25,43.07
24,2,7.8,Medium,3.52,16.34
3,7,6.5,Easy,2.08,86.66
12,7,7.7,Easy,3.67,68.45
19,10,4.2,Easy,3.24,45.13
0,3,1.3,Hard,3.13,99.56
7,3,4.6,Easy,3.25,63.82
13,4,3.9,Hard,3.73,39.01
15,5,6.8,Easy,3.17,43.38
13,4,1.2,Easy,3.16,27.69
11,6,4.2,Medium,3.98,58.0
18,1,1.6,Hard,3.51,3.63
22,6,2.9,Easy,2.88,32.01
14,9,6.0,Hard,3.41,49.85
27,6,4.1,Hard,2.78,17.93
1,0,3.3,Medium,2.46,85.93
1,6,3.5,Medium,3.19,94.37
22,4,3.9,Medium,3.86,23.65
30,2,6.4,Medium,3.86,12.79
21,2,7.2,Medium,2.68,13.96
18,3,7.7,Medium,3.06,31.51
24,1,6.4,Medium,2.42,13.37
25,1,2.9,Medium,3.99,6.94
30,0,5.7,Easy,3.96,4.07
29,4,3.8,Hard,3.3,5.14
28,3,2.4,Medium,3.61,1.5
21,10,6.8,Medium,3.43,51.23
25,9,0.8,Hard,3.19,26.59
25,1,7.3,Easy,2.11,8.37
21,2,4.0,Hard,2.91,1.48
16,6,5.3,Hard,3.35,34.53
19,6,5.4,Medium,3.36,33.22
9,3,7.2,Hard,2.75,48.43
5,4,5.3,Hard,3.88,70.24
14,4,5.1,Medium,2.33,39.7
21,5,1.0,Medium,3.0,15.33
10,8,4.4,Medium,3.38,56.65
27,1,1.6,Medium,3.39,0.0
4,4,6.0,Hard,3.3,73.5
0,2,4.3,Hard,2.55,91.29
7,3,5.6,Easy,2.31,57.95
20,9,0.8,Easy,3.27,38.11
27,5,1.1,Hard,3.2,12.04
11,7,5.9,Easy,2.36,56.65
11,0,1.0,Hard,3.41,1.3
4,9,1.0,Easy,2.91,87.65
6,7,0.6,Medium,3.34,66.78
3,10,7.7,Easy,3.67,97.71
5,6,6.0,Medium,2.34,74.76
12,0,3.1,Medium,2.04,8.07
19,1,2.7,Medium,3.56,4.04
29,2,3.1,Medium,3.22,9.7
14,0,6.3,Easy,3.4,32.83
2,8,5.5,Hard,3.68,89.79
22,7,1.9,Medium,3.61,24.58
7,1,1.8,Easy,3.92,39.62
19,8,1.2,Medium,3.07,38.21
15,6,5.5,Easy,2.98,44.63
12,8,6.2,Easy,2.8,60.48
17,5,2.5,Easy,2.31,31.18
27,5,0.7,Hard,3.15,12.01
9,10,1.1,Easy,2.55,70.37
29,3,7.8,Easy,3.84,24.51
18,9,2.7,Hard,3.17,36.71
16,9,6.3,Hard,3.19,49.26
23,1,5.2,Easy,2.71,7.78
30,6,3.4,Hard,2.1,11.22
18,4,2.0,Medium,2.06,21.55
27,10,1.4,Medium,2.85,29.6
25,5,5.1,Hard,2.17,11.76
22,1,6.3,Hard,3.21,7.04
25,4,5.3,Easy,3.76,31.58
4,9,4.5,Hard,3.77,81.15
25,3,0.8,Easy,3.32,15.1
20,8,7.8,Medium,2.42,41.35
29,5,6.5,Hard,3.73,15.74
22,1,2.7,Easy,3.77,5.8
30,0,7.8,Easy,2.39,6.72
8,4,5.0,Medium,3.47,58.72
11,8,4.9,Hard,2.57,60.39
20,5,6.1,Medium,3.61,29.1
0,9,6.6,Easy,3.99,100.0
25,6,5.4,Easy,2.06,26.25
25,4,1.5,Hard,3.79,10.97
0,9,3.0,Easy,3.25,100.0
14,5,7.5,Hard,3.95,46.72
1,4,2.2,Medium,2.93,93.35
29,10,3.3,Hard,3.69,30.58
21,8,3.7,Hard,2.12,23.09
15,5,3.8,Easy,2.67,44.32
24,10,5.1,Easy,2.13,39.32
7,7,7.6,Hard,3.95,74.3
12,1,2.3,Easy,3.63,21.61
20,8,1.4,Easy,3.71,35.58
0,4,2.0,Easy,3.88,100.0
15,6,7.2,Hard,2.17,39.42
28,9,5.3,Easy,2.77,26.87
6,0,2.6,Hard,2.14,26.47
30,9,6.6,Easy,2.42,34.23
4,4,7.0,Medium,2.46,72.45
21,9,6.8,Easy,2.94,41.53
28,1,7.4,Easy,2.54,8.64
22,5,2.4,Hard,2.2,12.46
2,10,6.2,Hard,2.33,84.67
11,0,4.0,Easy,2.29,18.29
25,2,6.8,Medium,3.95,17.38
15,4,6.0,Easy,3.52,37.04
18,3,6.3,Easy,3.94,28.85
4,2,5.4,Medium,2.88,57.95
21,9,1.8,Hard,2.56,32.69
24,4,4.6,Easy,3.6,23.71
28,10,7.9,Hard,2.65,33.93
13,7,7.5,Hard,2.6,44.14
27,10,0.8,Medium,2.47,25.09
4,3,1.7,Medium,2.26,63.41
14,0,1.5,Hard,2.51,0.0
16,10,5.9,Easy,2.71,49.43
29,6,6.6,Hard,3.35,25.77
13,7,2.1,Easy,2.13,51.94
29,2,4.3,Easy,2.42,5.61
19,5,6.8,Medium,3.62,37.77
4,1,6.0,Easy,2.29,65.47
11,6,4.6,Easy,2.69,51.31
15,7,4.9,Hard,3.73,51.75
25,5,4.3,Medium,2.31,9.75
25,5,2.7,Easy,2.17,15.75
15,4,4.7,Easy,2.97,37.79
20,7,5.7,Medium,2.6,41.32
6,0,7.0,Hard,3.13,50.9
3,9,5.3,Medium,3.61,83.44
0,3,6.2,Medium,2.27,97.07
29,3,1.7,Easy,3.16,9.38
29,2,4.0,Easy,3.01,8.18
4,2,0.6,Hard,2.29,51.17
22,3,2.4,Easy,3.25,10.58
25,10,5.9,Easy,2.55,37.44
9,0,7.9,Medium,2.98,41.1
21,10,1.2,Easy,2.16,40.2
4,10,3.5,Hard,2.92,80.31
3,1,6.5,Medium,2.61,71.68
1,8,2.0,Hard,3.64,92.76
19,9,4.7,Medium,2.11,42.08
30,1,6.0,Easy,2.84,8.05
9,4,5.1,Medium,2.92,48.3
25,8,1.9,Medium,3.45,22.18
18,8,3.2,Easy,3.15,38.02
25,7,6.4,Easy,3.33,40.4
0,0,4.7,Hard,3.55,100.0
23,0,0.5,Hard,3.72,0.0
4,8,6.2,Easy,2.63,84.0
12,10,0.8,Easy,3.08,58.01
3,7,6.1,Easy,3.68,97.22
15,9,2.0,Medium,3.98,58.77
23,8,7.7,Medium,3.78,37.76
15,6,3.3,Medium,2.74,42.61
22,2,3.0,Easy,2.39,10.01
1,2,1.6,Hard,2.98,82.83
16,1,2.8,Easy,3.48,22.01
27,4,7.1,Medium,2.99,18.03
26,2,8.0,Medium,2.97,14.9
19,5,3.3,Easy,3.68,34.09
23,1,3.9,Easy,2.72,1.85
11,2,5.9,Medium,3.72,41.95
17,4,7.1,Medium,2.81,31.09
2,10,4.9,Medium,2.66,85.02
27,10,3.4,Easy,2.91,32.35
0,0,3.6,Medium,3.52,99.98
0,0,5.7,Medium,2.25,100.0
28,9,0.5,Hard,2.39,11.7
18,8,5.1,Easy,3.9,46.78
10,6,3.2,Hard,2.35,47.63
4,0,6.5,Hard,3.14,53.47
11,7,1.2,Medium,3.16,48.04
2,2,4.9,Easy,2.98,79.9
0,7,4.1,Medium,3.29,100.0
0,4,5.3,Easy,2.46,100.0
7,0,1.0,Hard,3.11,11.57
9,6,4.8,Easy,2.74,65.99
10,4,4.7,Medium,3.32,46.7
11,5,4.7,Medium,2.28,44.96
28,5,5.0,Medium,3.14,13.17
12,7,5.6,Easy,2.37,51.56
11,8,6.5,Hard,2.56,51.41
30,1,2.5,Hard,2.44,0.0
13,8,6.7,Easy,2.37,55.79
1,10,4.2,Medium,3.65,99.61
28,9,1.1,Hard,2.57,14.03
18,8,0.9,Medium,3.85,40.1
17,9,3.0,Easy,3.94,53.96
2,9,6.4,Medium,3.14,90.62
22,6,5.8,Hard,2.29,19.63
16,0,6.4,Hard,2.75,10.03
25,6,4.4,Medium,3.6,24.4
7,9,3.8,Easy,2.73,76.06
28,4,1.6,Medium,2.17,10.96
25,5,3.0,Easy,3.11,21.48
9,9,3.8,Medium,3.69,66.05
25,6,1.2,Hard,3.59,11.93
29,4,2.2,Easy,2.35,6.2
1,6,5.0,Easy,3.35,93.97
18,8,6.0,Easy,2.44,49.14
8,2,8.0,Hard,2.44,39.23
6,7,7.5,Medium,3.75,80.39
3,1,5.3,Hard,2.5,62.48
25,10,3.7,Easy,2.53,34.07
20,6,5.3,Medium,2.0,24.68
17,1,6.4,Hard,3.74,23.19
12,3,1.4,Easy,3.59,33.56
10,6,3.6,Easy,3.25,62.16
28,2,6.8,Hard,3.5,13.12
23,1,3.4,Hard,2.3,0.0
3,10,4.8,Hard,2.92,79.2
24,9,4.9,Easy,2.7,36.31
20,6,1.9,Hard,2.19,15.61
28,0,3.2,Easy,2.97,2.54
24,7,3.0,Hard,3.84,24.21
3,2,0.7,Easy,2.08,64.47
9,1,0.7,Easy,2.58,21.51
4,2,6.7,Medium,2.42,71.62
8,4,2.5,Hard,2.48,44.31
23,10,4.4,Hard,3.82,38.9
2,7,2.7,Easy,2.94,90.57
16,9,7.6,Easy,2.93,61.44
2,6,2.4,Easy,3.52,91.49
15,6,3.7,Medium,2.31,41.9
3,6,7.0,Medium,2.97,79.47
17,7,6.8,Easy,2.86,45.88
16,0,1.9,Hard,3.19,0.0
6,3,6.5,Hard,4.0,65.38
23,5,3.9,Medium,3.54,26.68
22,8,4.1,Medium,2.8,27.65
29,1,1.5,Easy,3.66,2.92
4,0,1.1,Hard,2.34,22.65
11,9,6.0,Easy,2.06,68.05
16,1,4.2,Medium,2.41,12.94
22,6,3.8,Hard,2.68,16.53
12,2,6.0,Hard,3.02,29.3
22,9,6.2,Medium,3.23,45.02
24,1,1.7,Easy,3.82,8.03
2,10,5.1,Easy,3.02,94.85
8,6,1.5,Hard,3.0,50.31
29,1,6.1,Medium,2.1,0.0
16,2,5.4,Hard,2.07,20.1
16,10,7.7,Medium,3.1,61.89
29,6,1.0,Easy,2.88,12.18
19,3,0.9,Medium,3.68,19.8
15,0,2.6,Easy,2.32,4.57
24,4,2.5,Medium,2.05,11.55
21,8,2.4,Hard,2.9,33.63
12,7,7.3,Easy,2.47,57.95
26,8,2.4,Hard,2.1,15.85
18,9,2.5,Hard,3.45,42.44
16,8,6.2,Easy,2.22,44.58
3,6,3.9,Easy,3.22,92.83
11,3,6.3,Hard,2.56,38.81
28,4,1.0,Hard,2.35,0.0
8,0,4.2,Hard,2.76,21.59
18,0,0.8,Hard,3.6,0.0
11,2,1.0,Easy,2.78,22.41
8,7,7.3,Easy,3.5,73.41
6,1,1.5,Hard,2.25,24.66
27,3,4.5,Medium,3.55,12.28
13,1,3.6,Medium,2.47,18.08
30,4,3.1,Easy,3.35,13.39
19,8,7.2,Hard,3.13,42.54
18,0,0.7,Hard,3.86,0.0
25,4,5.5,Easy,2.77,24.77
14,8,7.7,Medium,2.13,51.66
15,0,4.7,Medium,2.04,13.66
20,8,7.5,Medium,3.65,54.17
4,7,0.9,Easy,3.05,79.74
2,3,3.6,Medium,3.55,83.98
11,10,2.5,Easy,2.47,61.74
24,9,6.0,Easy,2.69,41.04
19,4,7.9,Hard,2.06,29.13
26,4,2.4,Medium,3.92,12.05
20,10,5.4,Easy,3.34,51.28
3,5,2.0,Medium,3.87,82.53
20,6,4.7,Medium,2.53,31.79
22,7,4.0,Hard,3.22,32.94
15,7,7.8,Medium,3.36,50.32
24,10,5.1,Hard,2.64,25.23
6,1,3.1,Easy,3.7,53.38
12,8,1.4,Medium,3.89,51.13
20,6,1.6,Easy,3.77,31.72
9,3,2.2,Medium,3.48,45.3
25,3,2.4,Easy,2.55,11.72
6,10,6.9,Medium,2.56,77.16
13,7,4.7,Medium,3.93,51.66
30,3,4.4,Medium,2.02,0.0
25,5,1.4,Medium,3.43,18.33
4,4,7.0,Medium,3.41,78.16
2,2,5.9,Medium,3.25,90.89
22,9,1.0,Medium,3.98,37.2
28,10,5.8,Medium,2.62,28.9
10,1,4.6,Medium,2.68,33.88
10,8,1.1,Easy,2.16,61.74
17,9,3.9,Hard,2.89,40.25
14,8,4.1,Medium,2.52,52.66
11,0,1.7,Hard,2.69,0.35
8,9,7.6,Medium,3.67,75.75
9,2,6.9,Medium,3.87,53.59
25,7,5.5,Easy,2.37,32.5
11,5,4.0,Easy,2.75,53.18
16,4,3.6,Hard,3.86,26.76
28,4,5.4,Easy,2.12,19.05
5,5,4.6,Easy,2.18,72.45
6,6,1.0,Hard,2.33,56.19
13,0,4.3,Easy,3.19,16.25
12,8,6.5,Medium,2.3,63.12
7,2,3.9,Hard,3.94,45.13
9,3,0.9,Hard,2.89,36.57
8,9,6.4,Medium,3.0,66.88
17,0,2.0,Easy,2.49,6.34
26,10,2.4,Hard,2.94,27.71
25,9,1.7,Hard,3.32,31.95
1,2,3.0,Medium,3.5,88.71
4,1,6.2,Medium,3.51,65.04
28,1,4.4,Easy,3.16,7.66
4,0,2.0,Hard,3.81,47.59
5,7,7.1,Easy,3.63,81.74
18,2,7.1,Easy,3.51,19.03
7,2,7.0,Medium,2.11,53.24
15,5,2.3,Hard,2.01,28.49
12,7,3.9,Hard,2.42,41.34
0,8,7.9,Hard,3.33,100.0
21,8,6.3,Medium,2.82,33.59
19,3,0.7,Medium,2.8,9.59
16,4,1.0,Medium,3.77,28.1
30,1,4.0,Medium,3.79,0.76
6,10,7.3,Medium,3.82,83.58
24,8,4.5,Hard,2.63,30.27
12,7,4.2,Easy,3.38,59.61
3,2,1.3,Hard,2.54,57.95
3,10,5.4,Easy,2.38,96.13
5,8,6.7,Medium,2.37,80.04
27,2,3.4,Easy,2.68,0.59
30,8,6.3,Hard,2.86,24.42
18,1,7.7,Hard,3.66,16.32
28,9,2.0,Easy,2.24,26.41
11,8,4.4,Medium,3.47,64.14
21,7,2.7,Medium,3.06,27.48
6,8,6.4,Hard,2.58,63.92
26,4,4.8,Easy,2.99,25.24
9,10,5.3,Medium,2.6,72.36
25,10,6.5,Medium,3.19,38.03
18,1,3.5,Hard,2.87,8.17
6,7,7.4,Medium,2.33,71.19
29,5,4.5,Easy,2.23,16.31
2,7,1.7,Hard,3.09,84.25
12,10,5.7,Hard,3.8,59.63
12,4,6.4,Easy,2.69,49.61
17,9,2.9,Hard,3.47,37.16
27,1,6.9,Medium,3.32,7.89
29,5,7.3,Medium,3.86,24.1
25,4,2.6,Easy,3.64,26.24
19,4,7.9,Medium,3.13,27.43
27,0,1.6,Easy,3.31,7.49
7,1,2.0,Easy,3.8,42.56
28,7,1.9,Medium,2.8,9.99
30,2,7.2,Easy,2.65,13.24
8,9,5.4,Medium,2.02,70.13
6,2,1.6,Hard,3.65,46.63
0,7,3.8,Hard,3.6,98.06
2,7,5.1,Easy,2.21,92.29
12,1,1.1,Medium,3.15,12.63
27,7,7.1,Medium,2.93,20.51
29,10,6.5,Hard,2.24,25.91
24,0,4.3,Hard,3.96,0.92
30,5,7.8,Medium,2.43,13.99
27,7,3.6,Easy,2.13,32.67
16,2,7.9,Hard,3.19,31.13
24,7,5.5,Easy,3.48,30.66
23,0,5.3,Easy,2.06,6.1
0,10,1.7,Hard,3.32,100.0
5,10,7.1,Easy,3.06,80.81
20,8,3.7,Easy,2.21,37.46
5,10,1.7,Medium,2.35,77.11
25,8,0.6,Easy,3.14,22.61
11,4,4.7,Medium,2.59,44.79
12,9,4.5,Hard,3.88,62.15
12,3,5.9,Hard,3.64,44.48
28,10,7.2,Medium,3.97,37.19
14,5,1.1,Hard,2.52,36.34
20,6,6.0,Easy,3.94,33.02
15,4,1.9,Easy,2.86,31.51
21,10,6.9,Easy,2.7,41.62
20,9,6.6,Hard,2.1,36.13
10,8,4.6,Easy,2.11,59.77
27,2,5.8,Hard,3.38,8.63
4,6,2.9,Easy,2.92,80.59
3,9,4.0,Medium,2.45,81.59
2,9,6.7,Hard,3.23,85.89
18,10,3.9,Hard,2.51,48.02
19,4,3.2,Easy,3.16,28.17
24,6,4.2,Hard,2.72,11.92
17,1,6.7,Hard,3.65,20.04
14,3,3.0,Medium,3.64,28.38
8,1,1.8,Medium,2.95,26.84
16,6,5.8,Easy,2.7,47.42
13,1,6.7,Medium,2.73,32.01
14,10,1.3,Easy,3.61,54.53
30,0,2.3,Easy,2.66,2.72
0,8,1.6,Easy,2.42,99.5
20,0,3.1,Hard,2.17,0.0
21,7,3.9,Medium,2.93,30.33
21,1,6.1,Easy,2.96,15.69
2,7,5.4,Medium,3.68,91.88
15,2,5.2,Easy,2.44,26.09
22,5,3.1,Medium,2.76,26.83
24,2,6.8,Medium,3.62,25.83
10,6,4.0,Easy,3.65,62.8
11,9,7.8,Hard,2.77,59.05
9,8,5.3,Medium,2.92,58.59
15,1,1.4,Hard,2.61,0.0
7,4,5.6,Hard,3.87,60.71
5,5,2.9,Easy,2.24,67.91
11,3,5.6,Easy,3.87,47.38
23,3,1.0,Easy,3.37,19.23
27,3,1.8,Medium,3.06,6.26
20,1,6.9,Easy,2.07,15.6
7,3,2.2,Easy,2.95,50.36
25,10,6.8,Medium,2.82,41.98
27,0,2.6,Medium,2.32,0.0
3,5,5.3,Easy,3.31,86.03
25,0,5.7,Easy,3.94,5.4
7,9,4.3,Easy,3.12,76.95
25,5,2.8,Easy,3.43,19.91
27,0,2.1,Hard,2.14,0.0
17,5,0.7,Hard,2.84,27.07
27,9,2.8,Easy,2.23,23.09
27,7,5.4,Hard,3.23,17.45
4,10,7.5,Medium,3.88,88.37
8,1,7.0,Hard,3.32,40.93
3,1,6.2,Hard,2.15,67.3
26,3,6.4,Easy,2.71,16.08
21,10,5.5,Hard,3.1,40.28
30,2,2.5,Hard,2.81,2.15
16,3,7.3,Hard,3.67,26.98
8,6,5.5,Hard,3.63,66.39
0,10,4.7,Medium,3.22,97.97
20,0,1.3,Easy,2.75,12.24
19,5,3.9,Easy,2.51,36.15
12,2,4.0,Medium,2.21,25.46
27,10,7.0,Hard,2.71,26.39
15,9,4.6,Medium,2.83,45.63
28,6,3.4,Hard,3.35,18.38
12,9,7.8,Medium,3.32,63.0
13,1,1.3,Easy,2.14,14.43
2,1,3.7,Easy,2.79,89.21
28,3,0.8,Easy,2.36,2.34
5,0,6.0,Hard,2.31,41.85
17,2,7.4,Hard,3.65,25.39
18,8,2.6,Medium,2.08,39.29
4,6,6.9,Medium,2.84,76.67
14,6,2.7,Easy,2.34,41.92
24,10,7.3,Hard,3.76,44.61
1,3,6.2,Medium,3.11,86.67
9,1,6.5,Hard,2.46,35.96
23,3,0.6,Hard,3.0,0.55
29,5,7.7,Easy,3.46,26.35
17,10,6.0,Easy,3.92,61.38
26,10,2.8,Hard,2.44,25.97
12,2,6.7,Hard,3.77,31.91
4,0,2.6,Hard,3.87,43.02
22,7,7.0,Hard,3.83,39.85
23,4,1.3,Easy,3.27,18.35
0,4,5.8,Medium,3.26,100.0
21,10,4.6,Easy,2.81,45.84
0,3,1.2,Medium,3.5,100.0
17,5,2.3,Hard,3.06,22.78
14,2,0.6,Medium,3.35,11.09
16,8,4.0,Easy,2.86,51.43
10,4,2.8,Easy,3.46,54.15
20,2,5.0,Hard,3.65,10.02
25,10,2.7,Easy,2.29,31.47
